{
    "model_name": "optimized_model.h5",
    "accuracy": 0.8664495114006515,
    "f1_score": 0.8655935076549339,
    "precision": 0.8718494891063415,
    "recall": 0.8650796178343949,
    "confusion_matrix": [
        [
            581,
            47
        ],
        [
            117,
            483
        ]
    ],
    "classification_report": {
        "Acnee": {
            "precision": 0.832378223495702,
            "recall": 0.9251592356687898,
            "f1-score": 0.8763197586726998,
            "support": 628.0
        },
        "Eczeme": {
            "precision": 0.9113207547169812,
            "recall": 0.805,
            "f1-score": 0.8548672566371681,
            "support": 600.0
        },
        "accuracy": 0.8664495114006515,
        "macro avg": {
            "precision": 0.8718494891063415,
            "recall": 0.8650796178343949,
            "f1-score": 0.8655935076549339,
            "support": 1228.0
        },
        "weighted avg": {
            "precision": 0.8709494928220599,
            "recall": 0.8664495114006515,
            "f1-score": 0.8658380801537103,
            "support": 1228.0
        }
    }
}