{
    "model_name": "optimized_model.h5",
    "accuracy": 0.8770358306188925,
    "f1_score": 0.8769763576833383,
    "precision": 0.8769634341488269,
    "recall": 0.8769904458598726,
    "confusion_matrix": [
        [
            552,
            76
        ],
        [
            75,
            525
        ]
    ],
    "classification_report": {
        "Acnee": {
            "precision": 0.8803827751196173,
            "recall": 0.8789808917197452,
            "f1-score": 0.8796812749003984,
            "support": 628.0
        },
        "Eczeme": {
            "precision": 0.8735440931780366,
            "recall": 0.875,
            "f1-score": 0.8742714404662781,
            "support": 600.0
        },
        "accuracy": 0.8770358306188925,
        "macro avg": {
            "precision": 0.8769634341488269,
            "recall": 0.8769904458598726,
            "f1-score": 0.8769763576833383,
            "support": 1228.0
        },
        "weighted avg": {
            "precision": 0.8770413995781283,
            "recall": 0.8770358306188925,
            "f1-score": 0.8770380333202095,
            "support": 1228.0
        }
    }
}